{"stats":{"minecraft:custom":{"minecraft:jump":99,"minecraft:time_since_rest":8255,"minecraft:damage_dealt":80,"minecraft:leave_game":1,"minecraft:sprint_one_cm":8959,"minecraft:play_time":8255,"minecraft:time_since_death":8255,"minecraft:walk_one_cm":9484,"minecraft:total_world_time":8255,"minecraft:mob_kills":1,"minecraft:fall_one_cm":2150,"minecraft:fly_one_cm":25298},"minecraft:killed":{"minecraft:sheep":1},"minecraft:picked_up":{"minecraft:spruce_log":7,"minecraft:mutton":1,"minecraft:white_wool":1},"minecraft:mined":{"minecraft:spruce_log":7,"minecraft:fern":1},"minecraft:used":{"minecraft:white_wool":1}},"DataVersion":3955}