{"stats":{"minecraft:broken":{"minecraft:wooden_pickaxe":1},"minecraft:picked_up":{"minecraft:crafting_table":2,"minecraft:crimson_fungus":1,"minecraft:dirt":7,"minecraft:raw_copper":187,"minecraft:cooked_mutton":4,"minecraft:spruce_planks":17,"minecraft:stone_pickaxe":1,"minecraft:beef":3,"minecraft:iron_nugget":9,"minecraft:chest":1,"minecraft:furnace":1,"minecraft:stick":10,"minecraft:raw_iron":3,"minecraft:torch":13,"minecraft:fire_charge":2,"minecraft:spruce_sapling":6,"minecraft:spruce_log":115,"minecraft:white_bed":1,"minecraft:grass_block":1,"minecraft:rotten_flesh":11,"minecraft:stone_axe":1,"minecraft:granite":21,"minecraft:snowball":32,"minecraft:coal":26,"minecraft:mutton":4,"minecraft:white_wool":3,"minecraft:cobblestone":311,"minecraft:ender_pearl":1},"minecraft:killed_by":{"minecraft:zombie":1},"minecraft:custom":{"minecraft:interact_with_furnace":16,"minecraft:mob_kills":12,"minecraft:interact_with_crafting_table":21,"minecraft:time_since_death":51110,"minecraft:sleep_in_bed":2,"minecraft:time_since_rest":13732,"minecraft:sprint_one_cm":49458,"minecraft:damage_taken":405,"minecraft:walk_one_cm":165219,"minecraft:drop":1,"minecraft:damage_dealt":2465,"minecraft:swim_one_cm":19924,"minecraft:fly_one_cm":91182,"minecraft:open_chest":7,"minecraft:crouch_one_cm":5151,"minecraft:play_time":62376,"minecraft:deaths":1,"minecraft:sneak_time":2204,"minecraft:walk_under_water_one_cm":24401,"minecraft:jump":564,"minecraft:walk_on_water_one_cm":3054,"minecraft:total_world_time":62376,"minecraft:fall_one_cm":15424},"minecraft:mined":{"minecraft:spruce_planks":5,"minecraft:white_bed":1,"minecraft:crafting_table":2,"minecraft:granite":32,"minecraft:chest":1,"minecraft:copper_ore":51,"minecraft:cobblestone":6,"minecraft:spruce_leaves":18,"minecraft:wall_torch":1,"minecraft:large_fern":1,"minecraft:furnace":1,"minecraft:iron_ore":3,"minecraft:spruce_log":95,"minecraft:coal_ore":26,"minecraft:dirt":1,"minecraft:stone":235,"minecraft:netherrack":1,"minecraft:fern":1},"minecraft:used":{"minecraft:spruce_door":3,"minecraft:spruce_slab":18,"minecraft:stone_pickaxe":102,"minecraft:copper_block":4,"minecraft:spruce_planks":41,"minecraft:chest":1,"minecraft:wooden_pickaxe":42,"minecraft:torch":12,"minecraft:dirt":1,"minecraft:crafting_table":3,"minecraft:white_bed":2,"minecraft:spruce_log":37,"sassot:copper_axe":26,"minecraft:stone_axe":137,"minecraft:cobblestone":84,"sassot:copper_pickaxe":212,"minecraft:furnace":2,"minecraft:cooked_beef":3},"minecraft:killed":{"minecraft:sheep":3,"minecraft:zombie":6,"minecraft:enderman":1,"minecraft:cow":2},"minecraft:crafted":{"minecraft:cooked_beef":3,"minecraft:crafting_table":2,"minecraft:spruce_planks":144,"minecraft:wooden_pickaxe":1,"minecraft:spruce_door":3,"minecraft:furnace":1,"minecraft:copper_ingot":44,"minecraft:stone_axe":1,"minecraft:air":0,"sassot:copper_pickaxe":1,"sassot:copper_axe":1,"minecraft:spruce_slab":18,"minecraft:stick":8,"minecraft:iron_ingot":2,"minecraft:stone_pickaxe":1,"minecraft:copper_block":4,"minecraft:white_bed":1,"minecraft:torch":12},"minecraft:dropped":{"minecraft:cooked_mutton":1}},"DataVersion":3955}