{"stats":{"minecraft:crafted":{"minecraft:cooked_beef":3,"minecraft:crafting_table":2,"minecraft:spruce_planks":144,"minecraft:wooden_pickaxe":1,"minecraft:spruce_door":3,"minecraft:furnace":1,"minecraft:copper_ingot":115,"minecraft:stone_axe":1,"minecraft:air":0,"sassot:copper_pickaxe":2,"sassot:copper_axe":1,"minecraft:spruce_slab":18,"minecraft:stick":8,"minecraft:iron_ingot":2,"minecraft:stone_pickaxe":1,"minecraft:white_bed":1,"minecraft:copper_block":7,"minecraft:torch":16},"minecraft:killed":{"minecraft:skeleton":1,"minecraft:sheep":3,"minecraft:zombie":6,"minecraft:enderman":1,"minecraft:cow":2},"minecraft:dropped":{"minecraft:cooked_mutton":1},"minecraft:mined":{"minecraft:spruce_planks":5,"minecraft:white_bed":1,"minecraft:chiseled_quartz_block":1,"minecraft:clay":47,"minecraft:crafting_table":2,"minecraft:granite":71,"minecraft:chest":1,"minecraft:cobblestone":7,"minecraft:copper_ore":53,"minecraft:spruce_leaves":18,"minecraft:wall_torch":1,"minecraft:large_fern":1,"minecraft:furnace":1,"minecraft:iron_ore":3,"minecraft:spruce_log":95,"minecraft:coal_ore":46,"minecraft:light_gray_concrete":6,"minecraft:smooth_quartz":2,"minecraft:dirt":1,"minecraft:stone":293,"minecraft:netherrack":1,"minecraft:fern":1,"minecraft:tripwire":1},"minecraft:broken":{"sassot:copper_pickaxe":1,"minecraft:wooden_pickaxe":1},"minecraft:picked_up":{"minecraft:crafting_table":2,"minecraft:clay_ball":188,"minecraft:chiseled_quartz_block":1,"minecraft:crimson_fungus":1,"minecraft:dirt":7,"minecraft:string":1,"minecraft:raw_copper":194,"minecraft:cooked_mutton":4,"minecraft:spruce_planks":17,"minecraft:beef":3,"minecraft:stone_pickaxe":1,"minecraft:iron_nugget":9,"minecraft:smooth_quartz":2,"minecraft:chest":1,"minecraft:furnace":1,"minecraft:stick":10,"minecraft:raw_iron":3,"minecraft:torch":13,"minecraft:fire_charge":2,"minecraft:spruce_sapling":6,"minecraft:spruce_log":115,"minecraft:white_bed":1,"minecraft:grass_block":1,"minecraft:light_gray_concrete":5,"minecraft:rotten_flesh":11,"minecraft:stone_axe":1,"minecraft:granite":71,"minecraft:mutton":4,"minecraft:coal":46,"minecraft:snowball":32,"minecraft:white_wool":3,"minecraft:cobblestone":370,"minecraft:ender_pearl":1},"minecraft:killed_by":{"minecraft:skeleton":1,"minecraft:creeper":1,"minecraft:zombie":1},"minecraft:used":{"minecraft:cooked_mutton":1,"minecraft:water_bucket":65,"minecraft:spruce_door":3,"minecraft:spruce_slab":18,"minecraft:stone_pickaxe":102,"minecraft:copper_block":7,"minecraft:spruce_planks":41,"minecraft:chest":1,"minecraft:wooden_pickaxe":42,"minecraft:torch":17,"minecraft:dirt":1,"minecraft:crafting_table":3,"minecraft:white_bed":2,"minecraft:spruce_log":37,"sassot:copper_axe":36,"minecraft:stone_axe":137,"minecraft:fire_charge":1,"minecraft:cobblestone":261,"sassot:copper_pickaxe":390,"minecraft:furnace":2,"minecraft:bucket":65,"minecraft:cooked_beef":3},"minecraft:custom":{"minecraft:interact_with_furnace":21,"minecraft:mob_kills":13,"minecraft:interact_with_crafting_table":24,"minecraft:leave_game":7,"minecraft:time_since_death":1227,"minecraft:sleep_in_bed":4,"minecraft:climb_one_cm":506,"minecraft:time_since_rest":1114,"minecraft:sprint_one_cm":54218,"minecraft:damage_taken":948,"minecraft:walk_one_cm":197697,"minecraft:drop":1,"minecraft:damage_dealt":2844,"minecraft:swim_one_cm":19924,"minecraft:fly_one_cm":97356,"minecraft:open_chest":9,"minecraft:crouch_one_cm":6864,"minecraft:play_time":82990,"minecraft:deaths":3,"minecraft:sneak_time":2801,"minecraft:walk_under_water_one_cm":56502,"minecraft:jump":842,"minecraft:walk_on_water_one_cm":7320,"minecraft:total_world_time":82990,"minecraft:fall_one_cm":16595}},"DataVersion":3955}