{"stats":{"minecraft:broken":{"minecraft:wooden_pickaxe":1},"minecraft:picked_up":{"minecraft:stick":10,"minecraft:crafting_table":1,"minecraft:torch":12,"minecraft:spruce_sapling":5,"minecraft:grass_block":1,"minecraft:spruce_log":94,"minecraft:dirt":7,"minecraft:raw_copper":15,"minecraft:rotten_flesh":8,"minecraft:stone_axe":1,"minecraft:spruce_planks":5,"minecraft:beef":3,"minecraft:stone_pickaxe":1,"minecraft:mutton":4,"minecraft:coal":3,"minecraft:snowball":32,"minecraft:white_wool":3,"minecraft:cobblestone":165,"minecraft:ender_pearl":1},"minecraft:killed_by":{"minecraft:zombie":1},"minecraft:custom":{"minecraft:time_since_rest":3336,"minecraft:interact_with_furnace":5,"minecraft:sprint_one_cm":26646,"minecraft:damage_taken":365,"minecraft:walk_one_cm":104083,"minecraft:mob_kills":10,"minecraft:damage_dealt":2132,"minecraft:swim_one_cm":14657,"minecraft:interact_with_crafting_table":14,"minecraft:fly_one_cm":36455,"minecraft:crouch_one_cm":4231,"minecraft:play_time":38376,"minecraft:deaths":1,"minecraft:sneak_time":1762,"minecraft:walk_under_water_one_cm":13765,"minecraft:jump":286,"minecraft:walk_on_water_one_cm":1968,"minecraft:time_since_death":27110,"minecraft:sleep_in_bed":1,"minecraft:total_world_time":38376,"minecraft:fall_one_cm":9006},"minecraft:mined":{"minecraft:large_fern":1,"minecraft:spruce_planks":5,"minecraft:spruce_log":74,"minecraft:crafting_table":1,"minecraft:coal_ore":3,"minecraft:dirt":1,"minecraft:cobblestone":6,"minecraft:copper_ore":4,"minecraft:spruce_leaves":11,"minecraft:stone":89,"minecraft:fern":1},"minecraft:used":{"minecraft:spruce_door":2,"minecraft:spruce_slab":12,"minecraft:stone_pickaxe":61,"minecraft:spruce_planks":40,"minecraft:wooden_pickaxe":42,"minecraft:stone_axe":118,"minecraft:torch":2,"minecraft:dirt":1,"minecraft:cobblestone":84,"minecraft:crafting_table":3,"minecraft:furnace":1,"minecraft:white_bed":1,"minecraft:cooked_beef":2,"minecraft:spruce_log":34},"minecraft:killed":{"minecraft:sheep":3,"minecraft:zombie":4,"minecraft:enderman":1,"minecraft:cow":2},"minecraft:crafted":{"minecraft:cooked_beef":3,"minecraft:crafting_table":2,"minecraft:spruce_slab":12,"minecraft:spruce_planks":144,"minecraft:stick":8,"minecraft:wooden_pickaxe":1,"minecraft:stone_pickaxe":1,"minecraft:spruce_door":3,"minecraft:furnace":1,"minecraft:white_bed":1,"minecraft:torch":12,"minecraft:stone_axe":1}},"DataVersion":3955}