{"stats":{"minecraft:broken":{"minecraft:wooden_pickaxe":1},"minecraft:picked_up":{"minecraft:crafting_table":2,"minecraft:crimson_fungus":1,"minecraft:dirt":7,"minecraft:raw_copper":36,"minecraft:cooked_mutton":4,"minecraft:spruce_planks":17,"minecraft:stone_pickaxe":1,"minecraft:beef":3,"minecraft:iron_nugget":9,"minecraft:chest":1,"minecraft:furnace":1,"minecraft:stick":10,"minecraft:torch":13,"minecraft:fire_charge":2,"minecraft:spruce_sapling":5,"minecraft:spruce_log":94,"minecraft:white_bed":1,"minecraft:grass_block":1,"minecraft:rotten_flesh":11,"minecraft:stone_axe":1,"minecraft:snowball":32,"minecraft:coal":25,"minecraft:mutton":4,"minecraft:white_wool":3,"minecraft:cobblestone":177,"minecraft:ender_pearl":1},"minecraft:killed_by":{"minecraft:zombie":1},"minecraft:custom":{"minecraft:interact_with_furnace":7,"minecraft:mob_kills":12,"minecraft:interact_with_crafting_table":16,"minecraft:time_since_death":39110,"minecraft:sleep_in_bed":2,"minecraft:time_since_rest":1732,"minecraft:sprint_one_cm":36442,"minecraft:damage_taken":365,"minecraft:walk_one_cm":128837,"minecraft:damage_dealt":2465,"minecraft:swim_one_cm":19924,"minecraft:fly_one_cm":62695,"minecraft:open_chest":3,"minecraft:crouch_one_cm":4231,"minecraft:play_time":50376,"minecraft:deaths":1,"minecraft:sneak_time":1942,"minecraft:walk_under_water_one_cm":24401,"minecraft:jump":431,"minecraft:walk_on_water_one_cm":3054,"minecraft:total_world_time":50376,"minecraft:fall_one_cm":11781},"minecraft:mined":{"minecraft:spruce_planks":5,"minecraft:white_bed":1,"minecraft:crafting_table":2,"minecraft:chest":1,"minecraft:copper_ore":9,"minecraft:cobblestone":6,"minecraft:spruce_leaves":11,"minecraft:wall_torch":1,"minecraft:large_fern":1,"minecraft:furnace":1,"minecraft:spruce_log":74,"minecraft:coal_ore":25,"minecraft:dirt":1,"minecraft:stone":101,"minecraft:netherrack":1,"minecraft:fern":1},"minecraft:used":{"minecraft:spruce_door":3,"minecraft:spruce_slab":18,"minecraft:stone_pickaxe":102,"minecraft:spruce_planks":41,"minecraft:chest":1,"minecraft:wooden_pickaxe":42,"minecraft:torch":9,"minecraft:dirt":1,"minecraft:crafting_table":3,"minecraft:white_bed":2,"minecraft:spruce_log":34,"minecraft:stone_axe":137,"minecraft:cobblestone":84,"minecraft:furnace":2,"minecraft:cooked_beef":3},"minecraft:killed":{"minecraft:sheep":3,"minecraft:zombie":6,"minecraft:enderman":1,"minecraft:cow":2},"minecraft:crafted":{"minecraft:cooked_beef":3,"minecraft:crafting_table":2,"minecraft:spruce_planks":144,"minecraft:wooden_pickaxe":1,"minecraft:spruce_door":3,"minecraft:furnace":1,"minecraft:stone_axe":1,"minecraft:spruce_slab":18,"minecraft:stick":8,"minecraft:iron_ingot":2,"minecraft:stone_pickaxe":1,"minecraft:white_bed":1,"minecraft:torch":12}},"DataVersion":3955}