{"stats":{"minecraft:broken":{"minecraft:wooden_pickaxe":1},"minecraft:picked_up":{"minecraft:stick":5,"minecraft:torch":12,"minecraft:spruce_sapling":2,"minecraft:spruce_log":55,"minecraft:dirt":6,"minecraft:raw_copper":15,"minecraft:rotten_flesh":8,"minecraft:stone_axe":1,"minecraft:stone_pickaxe":1,"minecraft:coal":3,"minecraft:snowball":32,"minecraft:cobblestone":162},"minecraft:killed_by":{"minecraft:zombie":1},"minecraft:custom":{"minecraft:time_since_rest":3179,"minecraft:sprint_one_cm":15149,"minecraft:damage_taken":250,"minecraft:walk_one_cm":47724,"minecraft:mob_kills":4,"minecraft:damage_dealt":1009,"minecraft:interact_with_crafting_table":3,"minecraft:fly_one_cm":10449,"minecraft:crouch_one_cm":3145,"minecraft:play_time":14376,"minecraft:deaths":1,"minecraft:sneak_time":1226,"minecraft:walk_under_water_one_cm":603,"minecraft:jump":90,"minecraft:walk_on_water_one_cm":172,"minecraft:time_since_death":3110,"minecraft:total_world_time":14376,"minecraft:fall_one_cm":3118},"minecraft:mined":{"minecraft:large_fern":1,"minecraft:spruce_log":31,"minecraft:coal_ore":3,"minecraft:cobblestone":4,"minecraft:copper_ore":4,"minecraft:spruce_leaves":7,"minecraft:stone":88},"minecraft:used":{"minecraft:stone_pickaxe":58,"minecraft:wooden_pickaxe":42,"minecraft:stone_axe":42,"minecraft:torch":1,"minecraft:cobblestone":54,"minecraft:crafting_table":1},"minecraft:crafted":{"minecraft:crafting_table":1,"minecraft:spruce_planks":28,"minecraft:stick":8,"minecraft:wooden_pickaxe":1,"minecraft:stone_pickaxe":1,"minecraft:torch":12,"minecraft:stone_axe":1},"minecraft:killed":{"minecraft:zombie":4}},"DataVersion":3955}