{"stats":{"minecraft:broken":{"minecraft:wooden_pickaxe":1},"minecraft:picked_up":{"minecraft:stick":7,"minecraft:torch":12,"minecraft:spruce_sapling":4,"minecraft:spruce_log":94,"minecraft:dirt":7,"minecraft:raw_copper":15,"minecraft:rotten_flesh":8,"minecraft:stone_axe":1,"minecraft:beef":3,"minecraft:stone_pickaxe":1,"minecraft:mutton":4,"minecraft:coal":3,"minecraft:snowball":32,"minecraft:white_wool":3,"minecraft:cobblestone":164},"minecraft:killed_by":{"minecraft:zombie":1},"minecraft:custom":{"minecraft:time_since_rest":15179,"minecraft:sprint_one_cm":19576,"minecraft:damage_taken":295,"minecraft:walk_one_cm":68464,"minecraft:mob_kills":9,"minecraft:damage_dealt":1799,"minecraft:interact_with_crafting_table":3,"minecraft:fly_one_cm":18429,"minecraft:crouch_one_cm":3280,"minecraft:play_time":26376,"minecraft:deaths":1,"minecraft:sneak_time":1278,"minecraft:walk_under_water_one_cm":923,"minecraft:jump":158,"minecraft:walk_on_water_one_cm":500,"minecraft:time_since_death":15110,"minecraft:total_world_time":26376,"minecraft:fall_one_cm":3865},"minecraft:mined":{"minecraft:large_fern":1,"minecraft:spruce_log":74,"minecraft:coal_ore":3,"minecraft:dirt":1,"minecraft:cobblestone":6,"minecraft:copper_ore":4,"minecraft:spruce_leaves":11,"minecraft:stone":88,"minecraft:fern":1},"minecraft:used":{"minecraft:stone_pickaxe":60,"minecraft:wooden_pickaxe":42,"minecraft:stone_axe":106,"minecraft:torch":1,"minecraft:dirt":1,"minecraft:cobblestone":54,"minecraft:crafting_table":1},"minecraft:crafted":{"minecraft:crafting_table":1,"minecraft:spruce_planks":124,"minecraft:stick":8,"minecraft:wooden_pickaxe":1,"minecraft:stone_pickaxe":1,"minecraft:torch":12,"minecraft:stone_axe":1},"minecraft:killed":{"minecraft:sheep":3,"minecraft:zombie":4,"minecraft:cow":2}},"DataVersion":3955}