{"stats":{"minecraft:picked_up":{"minecraft:spruce_log":7,"minecraft:snowball":16,"minecraft:dirt":3,"minecraft:cobblestone":3},"minecraft:custom":{"minecraft:jump":12,"minecraft:time_since_rest":2376,"minecraft:damage_dealt":20,"minecraft:sprint_one_cm":1437,"minecraft:play_time":2376,"minecraft:time_since_death":2376,"minecraft:walk_one_cm":9291,"minecraft:total_world_time":2376,"minecraft:interact_with_crafting_table":1,"minecraft:fall_one_cm":209,"minecraft:fly_one_cm":620},"minecraft:mined":{"minecraft:spruce_leaves":5,"minecraft:spruce_log":8},"minecraft:used":{"minecraft:stone_axe":1,"minecraft:crafting_table":1},"minecraft:crafted":{"minecraft:stone_axe":1,"minecraft:crafting_table":1,"minecraft:spruce_planks":28,"minecraft:stick":4}},"DataVersion":3955}